{  
   "id":"28",
   "name":"Whistler Blackcomb (Garibaldi Lift Co.)",
   "lift_count":38,
   "run_count":200,
   "opening_year":1965,
   "hourly_lift_capacity":61407,
   "official_website":"http:\/\/www.whistlerblackcomb.com",
   "owner":"Intrawest",
   "longest_run":11000,
   "skiable_acreage":8171,
   "annual_snowfall":1022,
   "terrain_park":"Yes",
   "night_skiing":"Yes",
   "operating_status":"Operating",
   "latitude":50.091354990305,
   "longitude":-122.92857038604,
   "top_elevation":2284,
   "bottom_elevation":653,
   "user":{  
      "id":"7",
      "username":"skier"
   },
   "tags":[  
      {  
         "id":"1",
         "name":"Downhill"
      }
   ],
   "ski_maps":[  
      {  
         "id":"10288"
      },
      {  
         "id":"8111"
      },
      {  
         "id":"7992"
      },
      {  
         "id":"7991"
      },
      {  
         "id":"7990"
      },
      {  
         "id":"7699"
      },
      {  
         "id":"7558"
      },
      {  
         "id":"7557"
      },
      {  
         "id":"7186"
      },
      {  
         "id":"7187"
      },
      {  
         "id":"6974"
      },
      {  
         "id":"6851"
      },
      {  
         "id":"6850"
      },
      {  
         "id":"5486"
      },
      {  
         "id":"5376"
      },
      {  
         "id":"5490"
      },
      {  
         "id":"5489"
      },
      {  
         "id":"5646"
      },
      {  
         "id":"4607"
      },
      {  
         "id":"5199"
      },
      {  
         "id":"5198"
      },
      {  
         "id":"5040"
      },
      {  
         "id":"5039"
      },
      {  
         "id":"3464"
      },
      {  
         "id":"3796"
      },
      {  
         "id":"3795"
      },
      {  
         "id":"2968"
      },
      {  
         "id":"2967"
      },
      {  
         "id":"2966"
      },
      {  
         "id":"2892"
      },
      {  
         "id":"2483"
      },
      {  
         "id":"2965"
      },
      {  
         "id":"1784"
      },
      {  
         "id":"899"
      },
      {  
         "id":"895"
      },
      {  
         "id":"4642"
      },
      {  
         "id":"234"
      },
      {  
         "id":"233"
      },
      {  
         "id":"239"
      },
      {  
         "id":"2378"
      },
      {  
         "id":"238"
      },
      {  
         "id":"237"
      },
      {  
         "id":"240"
      },
      {  
         "id":"2370"
      },
      {  
         "id":"242"
      },
      {  
         "id":"241"
      },
      {  
         "id":"2386"
      },
      {  
         "id":"2383"
      },
      {  
         "id":"2377"
      },
      {  
         "id":"243"
      },
      {  
         "id":"2385"
      },
      {  
         "id":"2384"
      },
      {  
         "id":"248"
      },
      {  
         "id":"247"
      },
      {  
         "id":"260"
      },
      {  
         "id":"259"
      },
      {  
         "id":"2387"
      },
      {  
         "id":"249"
      },
      {  
         "id":"5740"
      },
      {  
         "id":"246"
      },
      {  
         "id":"245"
      },
      {  
         "id":"4914"
      },
      {  
         "id":"244"
      },
      {  
         "id":"256"
      },
      {  
         "id":"257"
      },
      {  
         "id":"1872"
      },
      {  
         "id":"1871"
      },
      {  
         "id":"2886"
      },
      {  
         "id":"2883"
      },
      {  
         "id":"258"
      },
      {  
         "id":"1634"
      },
      {  
         "id":"232"
      },
      {  
         "id":"1421"
      },
      {  
         "id":"2876"
      },
      {  
         "id":"2874"
      },
      {  
         "id":"1869"
      },
      {  
         "id":"1599"
      },
      {  
         "id":"1598"
      },
      {  
         "id":"2875"
      },
      {  
         "id":"231"
      },
      {  
         "id":"230"
      },
      {  
         "id":"1565"
      },
      {  
         "id":"3456"
      },
      {  
         "id":"1600"
      },
      {  
         "id":"2372"
      },
      {  
         "id":"1601"
      },
      {  
         "id":"223"
      },
      {  
         "id":"222"
      },
      {  
         "id":"2371"
      },
      {  
         "id":"2374"
      }
   ],
   "open_ski_maps":[  
      {  
         "id":"6074",
         "date":"2015-10-28"
      },
      {  
         "id":"6048",
         "date":"2015-10-09"
      },
      {  
         "id":"6020",
         "date":"2015-09-12"
      },
      {  
         "id":"5994",
         "date":"2015-08-18"
      },
      {  
         "id":"5989",
         "date":"2015-08-15"
      },
      {  
         "id":"5669",
         "date":"2015-05-10"
      },
      {  
         "id":"5617",
         "date":"2015-04-12"
      },
      {  
         "id":"5454",
         "date":"2015-03-01"
      },
      {  
         "id":"5436",
         "date":"2015-02-21"
      },
      {  
         "id":"5379",
         "date":"2015-01-15"
      },
      {  
         "id":"5099",
         "date":"2014-09-09"
      },
      {  
         "id":"4942",
         "date":"2014-05-18"
      },
      {  
         "id":"4847",
         "date":"2014-03-13"
      },
      {  
         "id":"4659",
         "date":"2013-11-06"
      },
      {  
         "id":"4398",
         "date":"2012-12-25"
      },
      {  
         "id":"4245",
         "date":"2012-07-07"
      },
      {  
         "id":"3947",
         "date":"2012-01-01"
      },
      {  
         "id":"3788",
         "date":"2011-04-23"
      },
      {  
         "id":"3729",
         "date":"2011-04-22"
      },
      {  
         "id":"3697",
         "date":"2011-04-21"
      },
      {  
         "id":"3243",
         "date":"2011-04-12"
      },
      {  
         "id":"3165",
         "date":"2011-04-10"
      },
      {  
         "id":"2989",
         "date":"2011-04-05"
      },
      {  
         "id":"2675",
         "date":"2011-03-29"
      },
      {  
         "id":"2635",
         "date":"2011-03-28"
      },
      {  
         "id":"2226",
         "date":"2011-03-22"
      }
   ],
   "created":"2011-03-27T23:15:02+00:00",
   "regions":[  
      {  
         "id":"331",
         "name":"British Columbia"
      }
   ]
}